temperature_c,apparent_temperature_c,humidity,wind_speed_km/h,wind_bearing_degrees,visibility_km,cloud_cover,pressure_millibars,year,month,day,hour,precip_type_encoded
11.17,11.17,0.99,6.98,269,13.1,0.77,1012.62,2022,1,1,0,1
11.88,11.88,0.95,6.66,210,9.34,0.71,1013.57,2022,1,1,1,0
7.39,7.39,0.91,2.0,325,11.09,0.63,1010.26,2022,1,1,2,0
11.19,11.19,0.92,0.76,152,9.3,0.75,1010.78,2022,1,1,3,0
11.47,11.47,0.82,3.23,24,14.58,0.66,1010.97,2022,1,1,4,0
11.44,11.44,0.8,0.0,208,8.33,0.66,1014.56,2022,1,1,5,0
14.94,14.94,0.67,0.6,300,10.19,0.49,1015.2,2022,1,1,6,0
12.94,12.94,0.66,3.88,306,10.36,0.59,1015.15,2022,1,1,7,0
15.99,15.99,0.52,6.03,329,14.34,0.37,1012.71,2022,1,1,8,0
16.32,16.32,0.57,9.1,353,11.99,0.56,1013.81,2022,1,1,9,0
20.23,23.21,0.6,4.93,84,15.14,0.22,1014.73,2022,1,1,10,0
19.4,19.4,0.42,0.0,339,12.45,0.37,1016.04,2022,1,1,11,0
18.56,18.56,0.35,7.78,233,13.89,0.23,1014.11,2022,1,1,12,0
21.94,21.94,0.34,4.05,28,12.5,0.13,1013.68,2022,1,1,13,0
19.51,19.51,0.42,0.79,26,12.06,0.3,1011.48,2022,1,1,14,0
19.52,19.52,0.68,5.56,239,12.12,0.54,1009.25,2022,1,1,15,0
17.79,17.79,0.8,4.46,65,11.6,0.64,1010.75,2022,1,1,16,0
17.97,17.97,0.7,2.31,278,14.28,0.42,1014.26,2022,1,1,17,0
13.19,13.19,0.65,5.33,205,10.76,0.36,1013.22,2022,1,1,18,0
14.83,14.83,0.69,9.68,12,9.99,0.52,1014.71,2022,1,1,19,0
13.13,13.13,0.98,0.21,224,10.45,0.81,1014.65,2022,1,1,20,0
9.0,8.34,0.97,5.93,349,10.66,0.81,1011.73,2022,1,1,21,0
11.43,11.43,0.89,10.63,146,11.49,0.59,1014.4,2022,1,1,22,0
11.92,11.92,1.0,2.57,213,11.93,0.84,1014.73,2022,1,1,23,1
9.85,9.85,0.93,2.4,24,8.71,0.74,1013.85,2022,1,2,0,0
12.17,12.17,1.0,9.43,271,9.48,1.0,1014.42,2022,1,2,1,0
8.87,8.87,1.0,4.4,212,11.43,0.85,1013.03,2022,1,2,2,0
8.78,7.65,0.87,7.64,306,11.06,0.57,1013.52,2022,1,2,3,0
11.08,11.08,0.87,5.24,283,8.35,0.73,1014.29,2022,1,2,4,0
16.16,16.16,0.65,2.26,275,12.8,0.57,1014.2,2022,1,2,5,0
16.49,16.49,0.82,7.93,217,12.2,0.62,1014.69,2022,1,2,6,0
16.16,16.16,0.58,5.31,286,16.73,0.28,1014.54,2022,1,2,7,0
16.9,16.9,0.67,5.26,25,9.52,0.46,1014.53,2022,1,2,8,0
19.31,19.31,0.5,3.11,99,16.79,0.46,1009.12,2022,1,2,9,0
18.35,18.35,0.53,2.69,176,12.11,0.48,1014.9,2022,1,2,10,0
19.5,19.5,0.37,3.11,205,16.68,0.34,1010.65,2022,1,2,11,0
24.59,27.14,0.51,0.51,167,11.48,0.53,1011.76,2022,1,2,12,0
21.72,21.72,0.32,4.89,139,6.9,0.16,1012.67,2022,1,2,13,0
22.94,22.94,0.3,3.75,84,13.74,0.39,1010.3,2022,1,2,14,0
18.9,18.9,0.4,6.46,226,13.42,0.26,1013.31,2022,1,2,15,0
18.07,18.07,0.62,9.83,29,9.41,0.71,1009.27,2022,1,2,16,0
17.81,17.81,0.66,3.2,232,11.3,0.48,1011.99,2022,1,2,17,0
16.06,16.06,0.64,7.77,128,12.43,0.59,1014.43,2022,1,2,18,0
12.93,12.93,0.86,6.9,178,10.66,0.7,1015.73,2022,1,2,19,0
13.94,13.94,0.84,4.42,48,13.01,0.75,1014.8,2022,1,2,20,0
11.85,11.85,0.99,4.14,114,10.71,0.78,1013.37,2022,1,2,21,0
9.38,9.38,1.0,2.05,38,7.57,0.92,1014.76,2022,1,2,22,0
11.77,11.77,1.0,2.38,153,10.17,0.73,1015.12,2022,1,2,23,0
8.87,8.07,0.98,6.34,269,8.98,0.7,1013.75,2022,1,3,0,0
9.67,9.15,0.95,5.8,185,7.34,0.62,1011.82,2022,1,3,1,0
11.81,11.81,1.0,7.68,276,9.68,0.8,1011.25,2022,1,3,2,0
11.4,11.4,0.95,2.62,278,11.27,0.92,1013.04,2022,1,3,3,0
14.4,14.4,0.82,5.78,31,10.92,0.67,1011.71,2022,1,3,4,0
15.22,15.22,0.93,7.98,206,14.64,0.67,1015.0,2022,1,3,5,0
19.9,19.9,0.63,2.58,54,10.65,0.29,1012.21,2022,1,3,6,0
17.11,17.11,0.67,10.73,331,13.57,0.48,1011.46,2022,1,3,7,0
15.38,15.38,0.74,8.64,20,10.34,0.42,1015.97,2022,1,3,8,0
21.53,21.53,0.34,3.31,295,13.32,0.28,1012.36,2022,1,3,9,0
17.71,17.71,0.44,5.46,230,13.85,0.42,1011.01,2022,1,3,10,0
22.9,25.17,0.45,2.86,68,15.83,0.37,1015.62,2022,1,3,11,0
24.64,27.57,0.59,4.36,253,14.01,0.53,1016.0,2022,1,3,12,0
21.72,24.35,0.53,0.0,60,10.0,0.22,1012.72,2022,1,3,13,0
22.85,25.14,0.46,9.99,205,9.95,0.2,1013.15,2022,1,3,14,0
18.99,18.99,0.3,4.84,62,10.89,0.31,1013.99,2022,1,3,15,0
16.99,16.99,0.45,4.92,336,14.64,0.26,1014.27,2022,1,3,16,0
15.22,15.22,0.62,2.0,315,10.78,0.38,1017.19,2022,1,3,17,0
14.12,14.12,0.73,4.77,187,10.9,0.65,1014.77,2022,1,3,18,0
13.07,13.07,0.76,0.0,255,8.17,0.75,1016.55,2022,1,3,19,0
14.17,14.17,0.89,14.34,267,12.78,0.7,1011.35,2022,1,3,20,0
12.39,12.39,0.85,0.84,350,9.47,0.57,1016.63,2022,1,3,21,0
11.17,11.17,1.0,5.34,332,8.28,0.95,1014.34,2022,1,3,22,0
10.31,10.31,0.91,0.95,96,12.29,0.92,1010.46,2022,1,3,23,0
9.39,9.39,0.97,3.36,44,8.45,0.78,1011.68,2022,1,4,0,0
10.76,10.76,0.98,2.41,60,8.95,0.86,1014.35,2022,1,4,1,0
11.56,11.56,1.0,0.13,20,11.09,0.73,1014.49,2022,1,4,2,0
8.54,8.01,0.76,5.28,191,11.7,0.52,1014.62,2022,1,4,3,0
13.06,13.06,0.74,3.18,56,11.38,0.51,1012.57,2022,1,4,4,0
13.24,13.24,0.87,1.75,277,11.68,0.84,1008.4,2022,1,4,5,0
16.84,16.84,0.69,6.25,19,10.32,0.56,1013.03,2022,1,4,6,0
17.49,17.49,0.67,3.9,349,10.68,0.49,1014.13,2022,1,4,7,0
18.77,18.77,0.77,7.75,357,10.49,0.74,1012.53,2022,1,4,8,0
17.21,17.21,0.31,4.08,134,13.46,0.42,1014.0,2022,1,4,9,0
21.68,21.68,0.3,5.84,66,15.04,0.09,1015.63,2022,1,4,10,0
19.69,19.69,0.49,11.95,60,12.93,0.41,1012.43,2022,1,4,11,0
22.35,22.35,0.33,5.35,191,12.4,0.31,1014.01,2022,1,4,12,0
19.5,19.5,0.4,2.2,326,12.13,0.36,1014.86,2022,1,4,13,0
21.76,24.7,0.59,6.38,75,15.81,0.39,1010.85,2022,1,4,14,0
22.22,25.05,0.57,4.97,321,12.72,0.34,1018.24,2022,1,4,15,0
18.41,18.41,0.64,6.58,107,12.27,0.43,1014.29,2022,1,4,16,0
19.67,19.67,0.8,3.6,315,9.04,0.62,1013.46,2022,1,4,17,0
12.3,12.3,0.87,4.66,76,9.81,0.59,1010.03,2022,1,4,18,0
14.54,14.54,0.66,1.25,266,11.02,0.7,1012.82,2022,1,4,19,0
12.7,12.7,0.84,0.0,256,10.71,0.65,1014.74,2022,1,4,20,0
14.41,14.41,0.9,1.82,192,15.65,0.73,1013.37,2022,1,4,21,0
11.75,11.75,0.96,3.42,254,9.11,0.76,1012.26,2022,1,4,22,0
11.07,11.07,0.98,9.65,308,4.81,0.89,1015.84,2022,1,4,23,0
10.17,10.17,0.98,0.95,16,8.54,0.67,1016.93,2022,1,5,0,0
13.57,13.57,1.0,1.78,95,8.95,0.85,1010.99,2022,1,5,1,0
11.05,11.05,0.94,7.3,314,11.19,0.72,1015.75,2022,1,5,2,0
13.56,13.56,0.99,4.24,309,10.71,0.67,1015.28,2022,1,5,3,0
12.31,12.31,0.97,3.06,193,7.32,0.62,1014.64,2022,1,5,4,0
18.08,18.08,0.59,10.26,263,12.49,0.46,1012.34,2022,1,5,5,0
15.78,15.78,0.83,5.51,271,11.16,0.63,1013.32,2022,1,5,6,0
13.73,13.73,0.5,7.4,257,12.82,0.39,1013.47,2022,1,5,7,0
17.28,17.28,0.49,5.76,184,10.6,0.43,1010.02,2022,1,5,8,0
20.34,22.99,0.53,8.12,149,15.68,0.53,1009.75,2022,1,5,9,0
18.94,18.94,0.46,6.72,301,11.25,0.39,1011.92,2022,1,5,10,0
17.88,17.88,0.34,1.12,52,11.37,0.37,1011.53,2022,1,5,11,0
21.85,24.02,0.44,2.6,101,14.22,0.29,1013.67,2022,1,5,12,0
20.5,23.21,0.54,3.06,125,12.22,0.61,1012.18,2022,1,5,13,0
21.61,23.61,0.4,7.07,343,14.94,0.38,1010.29,2022,1,5,14,0
18.9,18.9,0.5,7.03,45,12.87,0.26,1014.19,2022,1,5,15,0
19.48,19.48,0.68,7.67,293,12.54,0.53,1010.11,2022,1,5,16,0
17.57,17.57,0.67,1.34,42,9.5,0.64,1013.35,2022,1,5,17,0
15.92,15.92,0.72,7.99,61,10.37,0.59,1012.51,2022,1,5,18,0
13.95,13.95,0.82,3.74,331,13.43,0.56,1013.06,2022,1,5,19,0
16.25,16.25,0.89,8.27,359,7.59,0.74,1015.21,2022,1,5,20,0
14.46,14.46,0.88,9.4,151,15.21,0.67,1012.54,2022,1,5,21,0
14.69,14.69,0.92,3.91,181,9.81,0.61,1011.59,2022,1,5,22,0
9.49,8.92,1.0,5.87,86,13.1,0.7,1015.4,2022,1,5,23,0
10.93,10.93,1.0,1.84,78,10.76,0.82,1014.5,2022,1,6,0,0
16.11,16.11,0.95,3.61,235,9.02,0.7,1012.24,2022,1,6,1,0
14.54,14.54,0.92,2.71,341,11.33,0.68,1014.78,2022,1,6,2,0
9.46,7.89,1.0,10.59,224,8.77,0.76,1014.09,2022,1,6,3,0
14.85,14.85,1.0,4.68,282,8.4,0.66,1012.05,2022,1,6,4,0
18.33,18.33,0.75,5.88,71,11.23,0.72,1018.57,2022,1,6,5,0
15.05,15.05,0.83,7.25,309,14.57,0.72,1012.8,2022,1,6,6,0
19.54,19.54,0.73,6.73,242,13.51,0.7,1016.28,2022,1,6,7,0
18.2,18.2,0.59,8.83,172,10.44,0.51,1012.73,2022,1,6,8,0
22.12,24.76,0.53,5.35,77,9.64,0.5,1014.81,2022,1,6,9,0
19.75,19.75,0.48,5.95,175,15.74,0.38,1014.07,2022,1,6,10,0
21.23,21.23,0.39,5.79,89,15.22,0.21,1013.78,2022,1,6,11,0
23.42,23.42,0.3,3.53,110,14.25,0.4,1013.38,2022,1,6,12,0
24.62,24.62,0.3,0.0,15,14.38,0.19,1011.47,2022,1,6,13,0
20.85,22.87,0.4,1.37,188,14.72,0.39,1013.32,2022,1,6,14,0
17.43,17.43,0.36,3.13,295,13.13,0.31,1013.03,2022,1,6,15,0
16.03,16.03,0.71,4.96,158,13.66,0.61,1014.43,2022,1,6,16,0
18.22,18.22,0.71,9.19,155,11.86,0.64,1013.34,2022,1,6,17,0
14.68,14.68,0.9,5.09,140,7.63,0.73,1012.15,2022,1,6,18,0
13.43,13.43,0.75,0.0,131,10.33,0.36,1010.35,2022,1,6,19,0
15.1,15.1,0.91,2.31,238,10.34,0.73,1011.2,2022,1,6,20,0
14.25,14.25,0.91,5.29,293,10.86,0.52,1013.02,2022,1,6,21,0
9.7,8.17,0.95,10.6,350,11.52,0.7,1014.66,2022,1,6,22,0
13.05,13.05,1.0,3.27,11,11.4,0.84,1015.31,2022,1,6,23,0
13.3,13.3,0.97,9.19,320,10.54,0.98,1012.22,2022,1,7,0,1
11.77,11.77,0.95,3.79,144,9.62,0.8,1014.65,2022,1,7,1,0
11.82,11.82,1.0,10.42,309,10.87,0.8,1013.84,2022,1,7,2,0
10.62,10.62,0.91,0.23,32,11.25,0.79,1012.63,2022,1,7,3,0
11.25,11.25,0.73,5.91,6,13.46,0.75,1012.68,2022,1,7,4,0
14.83,14.83,0.78,7.89,254,12.38,0.47,1016.55,2022,1,7,5,0
14.95,14.95,0.76,6.72,342,11.7,0.56,1012.26,2022,1,7,6,0
19.84,19.84,0.7,4.13,37,13.04,0.28,1015.9,2022,1,7,7,0
17.98,17.98,0.46,1.36,137,15.01,0.32,1014.29,2022,1,7,8,0
20.69,23.29,0.52,1.39,137,14.39,0.37,1010.49,2022,1,7,9,0
23.53,26.28,0.55,4.19,358,11.56,0.41,1017.75,2022,1,7,10,0
21.89,24.58,0.54,5.96,169,11.8,0.41,1013.46,2022,1,7,11,0
22.66,24.8,0.43,7.44,160,12.69,0.35,1009.6,2022,1,7,12,0
21.72,24.4,0.53,0.0,174,16.51,0.41,1015.82,2022,1,7,13,0
21.76,21.76,0.36,3.37,86,17.03,0.27,1014.04,2022,1,7,14,0
20.73,23.36,0.53,6.34,11,17.17,0.42,1014.0,2022,1,7,15,0
20.91,24.38,0.69,7.16,285,9.25,0.72,1011.31,2022,1,7,16,0
15.99,15.99,0.64,6.23,275,12.44,0.55,1016.83,2022,1,7,17,0
15.71,15.71,0.82,8.81,229,8.44,0.72,1015.0,2022,1,7,18,0
17.66,17.66,0.79,5.62,154,10.72,0.63,1011.41,2022,1,7,19,0
16.89,16.89,0.79,2.27,307,6.75,0.57,1010.95,2022,1,7,20,0
14.69,14.69,0.87,12.0,219,12.63,0.66,1008.6,2022,1,7,21,0
9.09,7.88,0.82,8.31,217,15.78,0.79,1014.73,2022,1,7,22,0
13.08,13.08,1.0,6.08,134,10.21,0.79,1012.09,2022,1,7,23,0
7.99,7.99,1.0,2.31,358,7.79,0.82,1016.47,2022,1,8,0,0
8.4,7.11,0.92,8.1,28,8.44,0.71,1014.79,2022,1,8,1,0
12.25,12.25,0.85,3.47,113,11.37,0.52,1014.57,2022,1,8,2,0
13.94,13.94,0.96,9.37,27,10.44,0.73,1013.93,2022,1,8,3,0
13.97,13.97,0.88,3.17,151,9.27,0.56,1017.19,2022,1,8,4,0
13.69,13.69,0.73,7.96,39,10.74,0.71,1012.34,2022,1,8,5,0
14.7,14.7,0.94,1.71,5,10.91,0.82,1014.51,2022,1,8,6,0
17.41,17.41,0.65,4.83,342,13.66,0.74,1012.57,2022,1,8,7,0
18.7,18.7,0.84,2.86,329,14.1,0.84,1012.58,2022,1,8,8,0
23.17,25.55,0.48,4.66,45,11.45,0.28,1012.39,2022,1,8,9,0
20.77,20.77,0.39,5.98,203,9.93,0.35,1015.35,2022,1,8,10,0
21.95,24.75,0.56,1.65,153,15.54,0.49,1012.28,2022,1,8,11,0
22.49,24.66,0.44,6.89,155,10.98,0.36,1010.86,2022,1,8,12,0
19.39,19.39,0.36,8.98,209,15.36,0.35,1011.5,2022,1,8,13,0
23.13,25.54,0.48,12.23,24,13.38,0.4,1013.07,2022,1,8,14,0
19.6,19.6,0.59,8.14,185,10.5,0.34,1010.01,2022,1,8,15,0
16.67,16.67,0.36,6.44,316,18.18,0.29,1015.36,2022,1,8,16,0
17.47,17.47,0.74,4.4,213,11.83,0.63,1012.35,2022,1,8,17,0
16.02,16.02,0.65,6.88,270,9.94,0.52,1013.67,2022,1,8,18,0
16.03,16.03,0.8,7.73,284,13.77,0.7,1013.71,2022,1,8,19,0
11.74,11.74,0.85,3.45,265,10.39,0.68,1014.75,2022,1,8,20,0
13.81,13.81,0.95,0.0,54,8.39,0.74,1011.27,2022,1,8,21,0
15.1,15.1,1.0,4.63,243,12.98,0.81,1013.01,2022,1,8,22,0
10.94,10.94,0.98,5.79,340,10.43,0.78,1014.56,2022,1,8,23,0
13.44,13.44,0.88,0.0,235,12.46,0.57,1013.32,2022,1,9,0,0
8.11,6.88,1.0,7.59,14,8.85,0.54,1012.68,2022,1,9,1,0
9.26,8.83,1.0,5.26,0,11.16,0.81,1011.83,2022,1,9,2,1
12.69,12.69,0.94,2.51,192,9.41,0.66,1013.43,2022,1,9,3,1
11.3,11.3,0.72,9.72,102,10.98,0.51,1015.85,2022,1,9,4,0
18.9,18.9,0.88,3.84,166,14.93,0.64,1015.26,2022,1,9,5,0
19.15,19.15,0.89,5.4,281,9.06,0.76,1012.42,2022,1,9,6,0
18.11,18.11,0.62,5.86,26,9.22,0.4,1016.17,2022,1,9,7,0
16.95,16.95,0.63,8.87,56,13.27,0.61,1012.26,2022,1,9,8,0
23.08,25.51,0.49,4.56,174,15.22,0.44,1014.68,2022,1,9,9,0
19.59,19.59,0.56,5.48,334,12.72,0.6,1014.79,2022,1,9,10,0
23.52,25.54,0.4,2.79,174,10.89,0.13,1017.88,2022,1,9,11,0
21.1,23.12,0.4,6.23,61,14.62,0.41,1012.61,2022,1,9,12,0
21.94,24.02,0.42,10.13,151,13.9,0.41,1015.1,2022,1,9,13,0
21.24,21.24,0.34,6.51,46,11.99,0.22,1014.94,2022,1,9,14,0
20.12,22.87,0.55,10.42,233,12.73,0.7,1014.9,2022,1,9,15,0
20.55,23.64,0.62,9.18,276,13.25,0.48,1011.32,2022,1,9,16,0
16.14,16.14,0.6,7.07,277,15.36,0.52,1011.38,2022,1,9,17,0
18.94,18.94,0.67,4.91,24,11.68,0.46,1015.07,2022,1,9,18,0
16.09,16.09,0.72,4.0,25,12.85,0.54,1017.23,2022,1,9,19,0
14.49,14.49,0.97,1.05,89,6.61,0.63,1016.3,2022,1,9,20,0
18.12,18.12,0.89,5.86,76,13.65,0.91,1017.89,2022,1,9,21,0
14.26,14.26,1.0,7.64,149,8.9,0.72,1013.76,2022,1,9,22,0
10.81,10.81,1.0,8.17,283,10.18,0.95,1011.49,2022,1,9,23,0
10.28,10.28,0.85,5.09,93,10.52,0.83,1015.12,2022,1,10,0,0
15.59,15.59,1.0,7.09,9,9.55,0.7,1013.11,2022,1,10,1,1
16.15,16.15,1.0,3.88,43,7.76,0.81,1010.32,2022,1,10,2,0
12.88,12.88,0.9,0.56,292,11.53,0.67,1011.52,2022,1,10,3,0
14.16,14.16,1.0,10.33,203,9.09,0.74,1014.79,2022,1,10,4,0
16.02,16.02,0.89,9.02,204,10.36,0.69,1012.1,2022,1,10,5,0
16.26,16.26,0.77,8.08,291,9.54,0.77,1013.31,2022,1,10,6,0
16.51,16.51,0.41,7.99,357,14.4,0.3,1013.99,2022,1,10,7,0
16.09,16.09,0.53,7.73,273,9.83,0.45,1011.14,2022,1,10,8,0
20.18,20.18,0.36,8.84,117,11.73,0.21,1014.26,2022,1,10,9,0
19.01,19.01,0.48,6.63,243,13.98,0.4,1013.12,2022,1,10,10,0
21.71,21.71,0.34,0.0,101,14.19,0.36,1009.13,2022,1,10,11,0
22.95,26.15,0.64,5.4,347,10.34,0.49,1016.61,2022,1,10,12,0
19.94,19.94,0.4,2.48,190,13.26,0.48,1014.5,2022,1,10,13,0
20.46,20.46,0.32,7.99,100,13.25,0.24,1020.24,2022,1,10,14,0
18.74,18.74,0.48,8.79,149,12.83,0.24,1015.69,2022,1,10,15,0
22.96,26.42,0.69,4.0,153,14.1,0.56,1015.56,2022,1,10,16,0
16.31,16.31,0.59,8.43,327,11.37,0.43,1011.95,2022,1,10,17,0
20.84,23.98,0.63,5.42,117,14.69,0.49,1014.76,2022,1,10,18,0
16.28,16.28,0.79,8.3,295,13.41,0.89,1015.02,2022,1,10,19,0
14.6,14.6,0.85,6.36,104,10.16,0.7,1016.49,2022,1,10,20,0
15.46,15.46,1.0,4.99,27,5.76,0.74,1016.45,2022,1,10,21,0
10.38,10.38,0.94,7.86,342,11.38,0.73,1013.12,2022,1,10,22,0
10.04,10.04,1.0,4.38,7,12.43,0.95,1015.85,2022,1,10,23,0
12.69,12.69,1.0,2.67,1,10.65,0.68,1016.32,2022,1,11,0,0
12.45,12.45,1.0,4.6,19,11.17,0.75,1015.68,2022,1,11,1,0
12.8,12.8,1.0,2.38,342,8.64,0.85,1014.3,2022,1,11,2,0
14.33,14.33,1.0,8.71,331,10.82,0.78,1015.29,2022,1,11,3,1
14.12,14.12,0.79,8.7,73,10.81,0.41,1015.64,2022,1,11,4,0
15.41,15.41,0.85,5.95,158,12.18,0.64,1014.97,2022,1,11,5,0
18.36,18.36,0.8,2.57,172,13.18,0.59,1015.56,2022,1,11,6,0
21.85,25.04,0.64,4.33,77,11.77,0.48,1015.54,2022,1,11,7,0
17.27,17.27,0.48,8.23,304,16.02,0.37,1013.6,2022,1,11,8,0
22.74,24.91,0.43,6.09,261,14.79,0.4,1014.32,2022,1,11,9,0
15.81,15.81,0.55,3.41,14,8.61,0.49,1016.69,2022,1,11,10,0
23.62,26.66,0.61,9.32,273,15.23,0.56,1014.09,2022,1,11,11,0
21.39,21.39,0.35,11.89,300,12.88,0.29,1015.04,2022,1,11,12,0
25.1,25.1,0.39,5.96,47,11.59,0.18,1012.72,2022,1,11,13,0
20.35,22.4,0.41,1.16,16,12.79,0.18,1015.46,2022,1,11,14,0
17.5,17.5,0.49,3.12,154,13.17,0.53,1010.19,2022,1,11,15,0
19.06,19.06,0.65,6.02,3,10.22,0.49,1012.35,2022,1,11,16,0
18.22,18.22,0.85,5.19,259,9.33,0.53,1010.33,2022,1,11,17,0
17.42,17.42,0.79,0.63,228,12.85,0.58,1014.23,2022,1,11,18,0
17.38,17.38,0.79,2.7,187,6.75,0.56,1013.52,2022,1,11,19,0
14.12,14.12,0.9,4.7,213,9.22,0.73,1014.83,2022,1,11,20,0
16.17,16.17,0.94,5.43,83,11.72,0.78,1015.85,2022,1,11,21,0
11.33,11.33,1.0,1.95,151,10.22,0.8,1013.52,2022,1,11,22,0
8.29,7.61,0.97,5.65,247,10.46,0.68,1016.47,2022,1,11,23,0
13.99,13.99,1.0,3.47,274,13.55,0.68,1015.86,2022,1,12,0,1
10.88,10.88,1.0,4.66,101,10.58,0.83,1013.76,2022,1,12,1,0
14.31,14.31,0.83,9.32,150,7.55,0.76,1016.28,2022,1,12,2,0
12.69,12.69,0.84,4.77,313,10.17,0.75,1016.65,2022,1,12,3,0
13.43,13.43,0.87,0.36,81,9.04,0.79,1017.26,2022,1,12,4,0
14.57,14.57,0.82,6.25,196,9.3,0.7,1013.08,2022,1,12,5,0
18.14,18.14,0.74,4.1,39,11.07,0.58,1013.29,2022,1,12,6,0
21.54,25.14,0.72,4.52,237,12.8,0.54,1016.37,2022,1,12,7,0
19.34,19.34,0.64,0.7,325,9.57,0.39,1014.31,2022,1,12,8,0
25.05,28.01,0.59,6.91,81,8.43,0.42,1012.45,2022,1,12,9,0
21.04,23.21,0.43,0.0,71,14.33,0.24,1014.5,2022,1,12,10,0
20.04,20.04,0.3,4.55,163,15.7,0.44,1011.57,2022,1,12,11,0
21.12,23.27,0.43,13.34,23,9.84,0.37,1014.96,2022,1,12,12,0
22.08,24.49,0.48,4.24,188,13.13,0.35,1015.27,2022,1,12,13,0
22.14,24.53,0.48,8.79,284,12.51,0.21,1016.55,2022,1,12,14,0
19.28,19.28,0.47,9.53,298,8.38,0.69,1016.14,2022,1,12,15,0
19.44,19.44,0.62,6.97,212,13.19,0.55,1014.2,2022,1,12,16,0
18.04,18.04,0.64,8.81,144,12.97,0.22,1015.34,2022,1,12,17,0
17.01,17.01,0.7,8.78,26,13.38,0.48,1014.84,2022,1,12,18,0
13.0,13.0,0.76,8.0,145,13.13,0.66,1015.48,2022,1,12,19,0
13.27,13.27,0.93,7.81,256,11.84,0.87,1015.44,2022,1,12,20,0
15.66,15.66,0.95,2.76,333,9.92,0.69,1012.68,2022,1,12,21,0
11.14,11.14,0.97,0.0,325,10.58,0.78,1012.39,2022,1,12,22,0
14.1,14.1,0.87,3.12,217,9.11,0.6,1015.68,2022,1,12,23,0
11.69,11.69,0.84,7.35,236,8.3,0.68,1014.66,2022,1,13,0,0
9.77,9.21,0.73,6.0,86,14.94,0.71,1014.53,2022,1,13,1,0
14.5,14.5,0.91,6.87,78,11.48,0.83,1019.63,2022,1,13,2,0
12.67,12.67,0.95,0.14,334,8.84,0.72,1013.06,2022,1,13,3,0
13.07,13.07,1.0,5.44,201,9.98,0.77,1014.42,2022,1,13,4,0
14.19,14.19,0.76,4.53,329,8.53,0.52,1013.16,2022,1,13,5,0
17.74,17.74,0.76,8.0,273,10.91,0.65,1013.9,2022,1,13,6,0
17.35,17.35,0.42,5.04,182,15.73,0.43,1016.04,2022,1,13,7,0
19.9,19.9,0.61,3.59,62,11.3,0.55,1016.52,2022,1,13,8,0
19.85,19.85,0.53,7.25,257,9.45,0.2,1013.01,2022,1,13,9,0
20.53,22.88,0.47,4.08,286,15.56,0.41,1014.71,2022,1,13,10,0
19.77,19.77,0.56,5.22,288,13.55,0.34,1011.0,2022,1,13,11,0
22.97,22.97,0.35,2.83,56,15.48,0.16,1017.39,2022,1,13,12,0
23.33,25.43,0.42,7.25,351,11.8,0.32,1014.19,2022,1,13,13,0
23.03,25.2,0.43,4.76,176,10.85,0.09,1013.73,2022,1,13,14,0
22.32,24.98,0.53,4.66,138,12.39,0.48,1011.75,2022,1,13,15,0
21.15,24.48,0.67,6.76,134,11.71,0.6,1015.29,2022,1,13,16,0
17.37,17.37,0.68,10.09,27,9.14,0.39,1014.44,2022,1,13,17,0
17.57,17.57,0.77,4.77,157,14.14,0.45,1012.45,2022,1,13,18,0
12.64,12.64,0.8,10.43,36,11.02,0.67,1011.59,2022,1,13,19,0
13.97,13.97,0.86,9.29,327,11.8,0.58,1014.6,2022,1,13,20,0
15.96,15.96,1.0,2.4,226,8.38,0.67,1013.64,2022,1,13,21,0
14.86,14.86,1.0,4.48,295,10.32,0.71,1018.29,2022,1,13,22,0
12.76,12.76,1.0,5.46,104,9.62,0.76,1013.75,2022,1,13,23,1
7.96,7.96,1.0,1.21,133,9.47,0.76,1015.37,2022,1,14,0,0
13.48,13.48,1.0,1.39,93,10.38,0.73,1015.05,2022,1,14,1,0
11.77,11.77,1.0,10.89,352,9.62,0.87,1011.61,2022,1,14,2,0
14.8,14.8,1.0,6.54,190,9.37,0.8,1011.69,2022,1,14,3,0
16.65,16.65,0.85,4.07,176,11.27,0.64,1014.06,2022,1,14,4,0
15.6,15.6,0.79,3.53,194,12.54,0.61,1012.89,2022,1,14,5,0
20.23,23.66,0.69,0.0,131,13.58,0.48,1015.77,2022,1,14,6,0
20.47,23.21,0.55,7.67,89,12.28,0.34,1013.38,2022,1,14,7,0
20.1,23.38,0.66,11.41,60,8.59,0.69,1014.4,2022,1,14,8,0
18.26,18.26,0.52,8.24,281,12.16,0.56,1011.29,2022,1,14,9,0
19.21,19.21,0.52,8.14,44,11.54,0.16,1014.59,2022,1,14,10,0
23.02,25.93,0.58,2.26,10,13.45,0.58,1010.64,2022,1,14,11,0
21.38,23.58,0.44,6.52,150,11.83,0.28,1014.26,2022,1,14,12,0
20.04,22.67,0.53,2.03,55,13.7,0.47,1010.74,2022,1,14,13,0
24.11,24.11,0.39,4.08,66,13.98,0.39,1013.69,2022,1,14,14,0
23.77,27.31,0.71,8.41,24,11.62,0.49,1012.53,2022,1,14,15,0
20.72,24.41,0.74,7.43,80,8.3,0.7,1012.2,2022,1,14,16,0
19.18,19.18,0.87,14.81,205,11.87,0.68,1015.26,2022,1,14,17,0
16.75,16.75,0.93,6.17,316,11.36,0.81,1015.04,2022,1,14,18,0
14.86,14.86,0.77,2.18,166,12.03,0.69,1015.11,2022,1,14,19,0
14.88,14.88,0.96,2.2,224,9.4,0.84,1015.89,2022,1,14,20,0
13.71,13.71,0.81,4.41,164,12.74,0.7,1015.19,2022,1,14,21,0
13.07,13.07,0.94,7.57,70,11.13,0.8,1013.14,2022,1,14,22,0
14.75,14.75,0.99,2.89,315,11.44,0.75,1016.31,2022,1,14,23,0
13.92,13.92,0.91,9.15,233,10.95,0.69,1014.56,2022,1,15,0,0
13.54,13.54,0.94,1.45,251,7.27,0.86,1013.02,2022,1,15,1,0
12.15,12.15,0.84,2.16,13,13.27,0.66,1013.18,2022,1,15,2,0
15.02,15.02,1.0,9.86,32,9.28,0.67,1013.45,2022,1,15,3,0
13.13,13.13,0.81,6.54,308,10.88,0.65,1012.76,2022,1,15,4,0
14.41,14.41,0.92,8.62,353,6.72,0.64,1011.28,2022,1,15,5,0
17.39,17.39,0.61,2.75,343,9.96,0.51,1014.42,2022,1,15,6,0
19.2,19.2,0.62,4.7,203,15.25,0.63,1011.68,2022,1,15,7,0
21.68,24.11,0.49,7.97,99,15.64,0.28,1012.44,2022,1,15,8,0
21.63,24.6,0.59,6.53,285,12.81,0.34,1016.37,2022,1,15,9,0
21.42,23.86,0.49,0.92,301,13.59,0.45,1014.15,2022,1,15,10,0
21.72,24.3,0.52,2.45,268,12.36,0.4,1014.73,2022,1,15,11,0
22.29,24.96,0.53,4.2,301,9.12,0.6,1017.04,2022,1,15,12,0
23.76,25.82,0.41,6.3,142,13.53,0.31,1012.71,2022,1,15,13,0
20.05,22.09,0.41,5.31,122,11.53,0.39,1017.25,2022,1,15,14,0
21.57,24.51,0.59,6.93,241,12.21,0.55,1015.24,2022,1,15,15,0
21.79,25.24,0.69,3.22,225,11.63,0.62,1013.86,2022,1,15,16,0
23.58,26.55,0.59,1.37,123,12.63,0.55,1013.82,2022,1,15,17,0
14.88,14.88,0.82,3.69,133,14.34,0.86,1012.74,2022,1,15,18,0
17.98,17.98,0.79,5.37,182,11.1,0.44,1014.25,2022,1,15,19,0
14.07,14.07,1.0,1.74,38,11.63,0.77,1013.72,2022,1,15,20,0
14.7,14.7,1.0,8.42,316,9.34,0.74,1012.11,2022,1,15,21,0
19.12,19.12,1.0,1.46,309,7.36,0.85,1015.37,2022,1,15,22,0
12.21,12.21,1.0,6.49,356,10.17,0.58,1013.82,2022,1,15,23,0
13.07,13.07,1.0,6.65,159,9.37,0.89,1015.33,2022,1,16,0,0
14.1,14.1,1.0,2.15,260,10.95,0.71,1015.47,2022,1,16,1,0
12.55,12.55,0.98,8.47,126,11.91,0.66,1014.47,2022,1,16,2,0
11.67,11.67,0.94,4.62,36,15.13,0.8,1011.6,2022,1,16,3,0
17.26,17.26,1.0,0.79,75,6.24,0.99,1015.14,2022,1,16,4,0
17.49,17.49,0.57,5.55,341,12.81,0.55,1012.33,2022,1,16,5,0
15.87,15.87,0.78,2.86,88,10.28,0.52,1015.66,2022,1,16,6,0
18.54,18.54,0.68,1.2,233,11.0,0.54,1019.6,2022,1,16,7,0
23.15,26.67,0.7,6.39,323,15.0,0.6,1015.14,2022,1,16,8,0
23.7,26.96,0.65,3.67,62,9.1,0.5,1012.76,2022,1,16,9,0
24.52,26.77,0.45,5.42,225,12.87,0.44,1009.87,2022,1,16,10,0
22.97,25.89,0.58,4.07,246,8.32,0.53,1013.09,2022,1,16,11,0
21.47,23.65,0.44,3.73,184,8.41,0.44,1016.91,2022,1,16,12,0
20.27,22.5,0.44,5.52,85,13.98,0.42,1012.89,2022,1,16,13,0
22.96,26.17,0.64,7.66,333,13.38,0.52,1017.18,2022,1,16,14,0
19.53,19.53,0.68,7.64,298,10.7,0.5,1014.95,2022,1,16,15,0
20.61,23.79,0.64,10.64,290,13.97,0.53,1016.24,2022,1,16,16,0
19.81,19.81,0.86,4.89,98,9.02,0.62,1012.18,2022,1,16,17,0
16.98,16.98,0.61,5.59,240,13.74,0.4,1017.4,2022,1,16,18,0
18.49,18.49,0.77,8.11,205,8.98,0.7,1014.7,2022,1,16,19,0
12.87,12.87,0.81,7.34,14,9.03,0.7,1011.63,2022,1,16,20,0
11.72,11.72,1.0,7.42,77,8.61,0.86,1014.88,2022,1,16,21,0
11.37,11.37,0.82,6.59,118,7.78,0.66,1013.83,2022,1,16,22,0
12.29,12.29,1.0,7.74,139,10.67,0.83,1015.3,2022,1,16,23,0
14.4,14.4,1.0,2.53,58,9.51,0.8,1014.17,2022,1,17,0,0
15.92,15.92,1.0,1.64,147,11.24,0.93,1015.22,2022,1,17,1,1
17.58,17.58,1.0,6.32,6,12.09,0.81,1014.49,2022,1,17,2,0
17.48,17.48,0.89,10.17,236,11.56,0.57,1015.18,2022,1,17,3,0
16.64,16.64,1.0,3.8,26,10.27,0.99,1013.43,2022,1,17,4,0
19.55,19.55,1.0,5.59,255,12.02,0.93,1012.96,2022,1,17,5,0
20.35,24.98,0.93,7.27,114,8.61,0.94,1013.38,2022,1,17,6,0
19.86,19.86,0.84,8.14,328,11.65,0.71,1014.53,2022,1,17,7,0
15.33,15.33,0.58,6.3,339,9.81,0.5,1014.03,2022,1,17,8,0
24.57,27.06,0.5,5.12,84,12.36,0.35,1014.83,2022,1,17,9,0
19.95,19.95,0.56,7.47,326,10.59,0.54,1013.18,2022,1,17,10,0
24.36,26.68,0.46,6.94,0,11.64,0.35,1014.03,2022,1,17,11,0
22.53,22.53,0.3,4.1,218,12.92,0.22,1013.96,2022,1,17,12,0
23.67,26.45,0.56,3.63,164,9.82,0.34,1013.47,2022,1,17,13,0
20.67,20.67,0.37,4.21,267,13.52,0.35,1013.33,2022,1,17,14,0
19.57,19.57,0.54,3.03,71,13.43,0.26,1013.72,2022,1,17,15,0
20.75,25.14,0.88,6.63,312,8.61,0.69,1010.89,2022,1,17,16,0
17.51,17.51,0.77,3.93,64,10.91,0.55,1017.92,2022,1,17,17,0
21.55,25.75,0.84,7.02,211,11.54,0.71,1010.59,2022,1,17,18,0
18.28,18.28,0.83,1.36,258,10.74,0.83,1016.94,2022,1,17,19,0
17.29,17.29,0.87,0.47,315,8.8,0.85,1013.89,2022,1,17,20,0
13.75,13.75,1.0,10.45,16,14.44,0.78,1015.03,2022,1,17,21,0
16.51,16.51,0.9,6.23,238,8.3,0.66,1012.77,2022,1,17,22,0
11.98,11.98,0.99,8.08,117,7.83,0.82,1016.88,2022,1,17,23,0
11.61,11.61,1.0,9.15,58,10.39,0.75,1015.49,2022,1,18,0,0
14.58,14.58,1.0,4.69,282,8.32,0.71,1015.59,2022,1,18,1,1
12.44,12.44,1.0,0.0,206,8.83,0.8,1012.71,2022,1,18,2,0
13.18,13.18,1.0,5.05,153,5.52,0.59,1013.31,2022,1,18,3,0
10.05,10.05,0.86,4.03,148,13.47,0.65,1015.29,2022,1,18,4,0
12.49,12.49,0.92,6.26,83,11.44,1.0,1010.36,2022,1,18,5,0
17.47,17.47,0.79,5.47,257,10.2,0.57,1015.18,2022,1,18,6,0
20.84,24.05,0.64,2.22,217,10.89,0.64,1013.45,2022,1,18,7,0
19.09,19.09,0.69,7.67,318,15.26,0.53,1015.86,2022,1,18,8,0
24.18,26.56,0.48,7.84,14,12.23,0.38,1014.71,2022,1,18,9,0
22.15,24.76,0.52,10.34,339,14.36,0.51,1013.61,2022,1,18,10,0
24.79,27.58,0.56,10.03,203,11.0,0.42,1011.25,2022,1,18,11,0
25.04,27.11,0.41,7.53,316,12.55,0.36,1012.23,2022,1,18,12,0
16.9,16.9,0.45,0.72,265,15.15,0.44,1015.46,2022,1,18,13,0
20.48,23.86,0.68,8.41,184,11.15,0.65,1012.31,2022,1,18,14,0
20.37,22.85,0.5,2.44,80,14.97,0.37,1015.23,2022,1,18,15,0
16.91,16.91,0.64,0.0,300,11.67,0.37,1018.5,2022,1,18,16,0
19.55,19.55,0.81,3.07,54,12.04,0.67,1015.05,2022,1,18,17,0
19.51,19.51,0.79,0.65,136,9.13,0.62,1014.71,2022,1,18,18,0
21.58,26.53,0.99,7.42,132,10.19,0.77,1012.62,2022,1,18,19,0
16.06,16.06,0.79,6.61,287,10.76,0.44,1012.8,2022,1,18,20,0
18.29,18.29,1.0,1.6,257,10.97,0.65,1016.69,2022,1,18,21,0
13.53,13.53,1.0,1.75,147,7.21,0.74,1016.6,2022,1,18,22,0
7.56,6.31,1.0,7.27,74,12.4,0.75,1013.7,2022,1,18,23,1
9.47,8.81,1.0,6.21,208,10.9,0.75,1014.68,2022,1,19,0,0
12.07,12.07,1.0,2.7,114,10.12,0.84,1013.92,2022,1,19,1,0
11.96,11.96,1.0,7.47,228,10.31,0.74,1015.05,2022,1,19,2,0
10.58,10.58,1.0,4.63,89,10.85,0.92,1011.86,2022,1,19,3,0
15.14,15.14,0.84,10.85,58,9.11,0.61,1015.02,2022,1,19,4,0
16.13,16.13,0.87,4.64,252,10.45,0.65,1011.58,2022,1,19,5,0
21.72,25.55,0.77,6.32,317,12.55,0.49,1018.01,2022,1,19,6,0
22.77,25.84,0.61,11.1,94,13.48,0.55,1015.07,2022,1,19,7,0
23.11,26.26,0.63,0.0,93,9.62,0.48,1015.23,2022,1,19,8,0
24.19,24.19,0.36,6.07,244,9.58,0.36,1014.42,2022,1,19,9,0
20.82,23.98,0.63,8.77,41,13.01,0.49,1015.77,2022,1,19,10,0
24.75,27.95,0.64,8.85,64,10.34,0.55,1012.02,2022,1,19,11,0
24.11,24.11,0.3,2.16,303,12.93,0.21,1012.19,2022,1,19,12,0
23.55,25.82,0.46,3.38,248,14.82,0.53,1013.64,2022,1,19,13,0
23.53,25.87,0.47,5.22,93,14.14,0.18,1017.24,2022,1,19,14,0
20.93,23.64,0.54,5.53,324,8.82,0.58,1014.69,2022,1,19,15,0
22.62,25.18,0.51,7.06,220,11.9,0.49,1010.35,2022,1,19,16,0
18.3,18.3,0.73,7.05,176,9.94,0.51,1014.39,2022,1,19,17,0
19.9,19.9,0.73,0.0,195,10.61,0.48,1011.34,2022,1,19,18,0
17.14,17.14,0.97,6.58,229,8.91,0.83,1013.69,2022,1,19,19,0
13.4,13.4,0.74,4.47,125,11.62,0.58,1013.77,2022,1,19,20,0
15.89,15.89,0.84,7.97,140,8.77,0.6,1011.67,2022,1,19,21,0
15.83,15.83,1.0,8.58,322,11.04,0.69,1013.94,2022,1,19,22,0
16.04,16.04,0.93,8.32,249,12.11,0.93,1013.79,2022,1,19,23,0
17.94,17.94,1.0,1.07,119,6.24,0.87,1010.92,2022,1,20,0,0
14.42,14.42,1.0,6.95,309,10.44,0.93,1012.78,2022,1,20,1,0
12.5,12.5,1.0,8.38,21,10.9,0.92,1012.33,2022,1,20,2,1
17.89,17.89,1.0,11.02,286,6.69,0.75,1013.22,2022,1,20,3,0
13.77,13.77,0.99,9.79,173,11.42,0.82,1012.71,2022,1,20,4,0
19.58,19.58,0.92,5.56,65,9.55,0.54,1012.55,2022,1,20,5,1
15.81,15.81,0.79,8.7,132,8.56,0.65,1016.56,2022,1,20,6,0
25.41,28.02,0.52,8.85,266,12.04,0.5,1015.57,2022,1,20,7,0
21.33,23.49,0.43,7.48,178,13.44,0.41,1016.8,2022,1,20,8,0
22.21,24.54,0.47,3.54,200,15.04,0.52,1014.21,2022,1,20,9,0
20.9,24.02,0.62,7.67,197,15.76,0.41,1013.93,2022,1,20,10,0
24.5,26.78,0.46,3.06,146,14.48,0.44,1012.86,2022,1,20,11,0
25.72,28.12,0.48,5.91,177,13.7,0.3,1014.75,2022,1,20,12,0
24.96,24.96,0.32,10.19,247,12.73,0.24,1013.43,2022,1,20,13,0
25.54,25.54,0.3,9.51,356,14.18,0.12,1012.54,2022,1,20,14,0
20.02,22.22,0.44,9.09,237,13.48,0.26,1015.12,2022,1,20,15,0
23.08,26.7,0.72,7.27,269,12.11,0.76,1014.69,2022,1,20,16,0
20.57,25.06,0.9,2.63,196,9.78,0.76,1014.58,2022,1,20,17,0
20.62,25.62,1.0,6.26,355,8.19,0.64,1015.2,2022,1,20,18,1
18.03,18.03,0.84,3.91,87,8.59,0.76,1016.52,2022,1,20,19,0
19.05,19.05,0.97,9.87,224,7.44,0.64,1014.39,2022,1,20,20,0
18.43,18.43,1.0,4.95,245,7.95,0.92,1012.76,2022,1,20,21,1
13.48,13.48,1.0,7.71,344,9.73,0.75,1014.01,2022,1,20,22,0
13.7,13.7,1.0,5.18,85,10.17,0.59,1015.6,2022,1,20,23,0
11.23,11.23,0.9,0.33,295,7.78,0.65,1018.67,2022,1,21,0,0
14.06,14.06,1.0,6.1,323,9.85,0.68,1017.67,2022,1,21,1,1
10.84,10.84,0.93,4.87,12,8.43,0.79,1013.31,2022,1,21,2,1
17.38,17.38,1.0,8.79,201,12.21,0.74,1013.14,2022,1,21,3,0
17.76,17.76,0.93,0.98,53,8.72,0.74,1014.62,2022,1,21,4,1
14.47,14.47,0.9,10.17,342,15.05,0.68,1015.75,2022,1,21,5,0
18.93,18.93,0.76,7.02,222,6.13,0.68,1015.02,2022,1,21,6,0
23.92,27.05,0.63,4.5,342,15.86,0.42,1013.67,2022,1,21,7,0
22.72,25.93,0.64,1.83,87,10.73,0.45,1014.61,2022,1,21,8,0
22.91,22.91,0.38,8.9,101,13.6,0.44,1015.66,2022,1,21,9,0
23.8,27.03,0.65,7.27,332,11.58,0.74,1016.55,2022,1,21,10,0
20.81,20.81,0.35,6.59,164,13.53,0.22,1015.05,2022,1,21,11,0
24.93,24.93,0.36,5.37,16,11.61,0.25,1013.94,2022,1,21,12,0
20.86,23.2,0.47,4.03,246,6.8,0.58,1016.95,2022,1,21,13,0
22.9,22.9,0.39,10.79,145,16.83,0.33,1016.82,2022,1,21,14,0
19.4,19.4,0.52,6.1,184,11.5,0.39,1014.59,2022,1,21,15,0
21.14,23.71,0.51,3.56,239,9.86,0.51,1010.56,2022,1,21,16,0
22.6,25.92,0.66,0.0,190,10.96,0.52,1012.75,2022,1,21,17,0
21.6,25.78,0.84,2.93,120,7.62,0.64,1014.34,2022,1,21,18,0
16.17,16.17,0.9,11.51,311,12.13,0.71,1014.4,2022,1,21,19,0
